{
  "timestamp": "2026-05-28T18:08:00.772603",
  "device": "NVIDIA GeForce GTX 1070",
  "threshold_ms": 0.34818157890090096,
  "prediction_accuracy": 72.22222222222221,
  "pi_blocks": [
    0.9,
    0.9,
    1.0,
    0.6,
    0.7,
    0.8,
    0.9,
    0.9,
    1.0,
    0.8,
    0.8,
    0.9,
    0.7,
    1.0,
    1.0,
    0.6,
    0.8,
    0.8,
    0.7
  ],
  "cpu_blocks": [
    0.31553999997413484,
    0.35592000022006687,
    0.3260099998442456,
    0.33537999970576493,
    0.32810999982757494,
    0.3531199999997625,
    0.38769000020693056,
    0.3512799998134142,
    0.3395600002477295,
    0.353269999686745,
    0.3303600002254825,
    0.34283000022696797,
    0.3717300000062096,
    0.38278999982139794,
    0.35716000020329375,
    0.33429999984946335,
    0.3329099998154561,
    0.35554999976739055,
    0.36193999967508717
  ]
}