{
  "timestamp": "2026-05-28T18:18:19.649490",
  "device": "NVIDIA GeForce GTX 1070",
  "n_trials": 5,
  "accuracies": [
    33.33333333333333,
    55.55555555555556,
    33.33333333333333,
    50.0,
    55.55555555555556
  ],
  "mean_accuracy": 45.55555555555556,
  "max_accuracy": 55.55555555555556,
  "min_accuracy": 33.33333333333333,
  "stdev_accuracy": 11.385500851066224
}